insert into `setting_config`(`group_id`, `key`, `value`, `name`, `input_type`, `config_select_data`, `sort`, `remark`)
values (2, 'access_key', '8aF6jkyh6bEnd4fkPHDc', 'Access Key Id', 'input', '', 95, '本地存储不需要填写'),
       (2, 'bucket', 'cicadacs', '存储桶名字（Bucket）', 'input', '', 92, '本地存储不需要填写'),
       (2, 'del_local', 'false', '是否删除本地存储', 'switch', '', 97,
        '上传到云服务器后，是否需要删除本地存储的文件；本地存储不需要处理'),
       (2, 'endpoint', '127.0.0.1', '服务器地址（Endpoint）', 'input', '', 96, ''),
       (2, 'hostname_immutable', 'true', 'Hostname Immutable', 'switch', '', 0,
        '如果是使用 minio，根据实际情况设置；本地存储不需要处理'),
       (2, 'region', '', '区域 （region）', 'input', '', 93, '本地存储不需要填写'),
       (2, 'secret_key', '2WuFtXLTxskRFiOxfvuLv6sDBO0QjMcGAkruGEMc', 'Secret Access key', 'input', '', 94,
        '本地存储不需要填写'),
       (1, 'site_copyright', 'Copyright © 2024-2025 Devinggo. All rights reserved.', '版权信息', 'textarea', NULL, 96,
        NULL),
       (1, 'site_desc', 'Devinggo', '网站描述', 'textarea', NULL, 97, NULL),
       (1, 'site_keywords', '后台管理系统', '网站关键字', 'input', NULL, 98, NULL),
       (1, 'site_name', 'MineAdmin', '网站名称', 'input', NULL, 99, NULL),
       (1, 'site_record_number', 'xxx', '网站备案号', 'input', NULL, 95, NULL),
       (2, 'upload_allow_file', 'txt,doc,docx,xls,xlsx,ppt,pptx,rar,zip,7z,gz,pdf,wps,md', '文件类型', 'input', '', 98,
        ''),
       (2, 'upload_allow_image', 'jpg,jpeg,png,gif,svg,bmp', '图片类型', 'input', '', 97, ''),
       (2, 'upload_mode', '1', '上传模式', 'select',
        '[{\"label\":\"本地存储\",\"value\":\"1\"},{\"label\":\"阿里云OSS\",\"value\":\"2\"},{\"label\":\"七牛云\",\"value\":\"3\"},{\"label\":\"腾讯云COS\",\"value\":\"4\"},{\"label\":\"华为云\",\"value\":\"5\"},{\"label\":\"awss3\",\"value\":\"6\"},{\"label\":\"minio\",\"value\":\"7\"}]',
        99, ''),
       (2, 'use_ssl', 'false', '是否使用ssl', 'switch', '', 0, '本地存储不需要处理');

/*Data for the table `setting_config_group` */

insert into `setting_config_group`(`id`, `name`, `code`, `created_by`, `updated_by`, `created_at`, `updated_at`,
                                   `remark`)
values (1, '站点配置', 'site_config', 1, 1, '2024-08-19 11:29:39', '2024-08-19 11:29:39', NULL),
       (2, '上传配置', 'upload_config', 1, 1, '2024-08-19 11:29:39', '2024-08-19 11:29:39', NULL);

/*Data for the table `setting_crontab` */

insert into `setting_crontab`(`id`, `name`, `type`, `target`, `parameter`, `rule`, `singleton`, `status`, `created_by`,
                              `updated_by`, `created_at`, `updated_at`, `remark`)
values (3, '测试', 2, 'test_cron', '{\"name\":\"hello name\"}', '* * * * *', 1, 1, 1, 1, '2024-10-28 16:57:59',
        '2024-10-28 17:21:25', '备注'),
       (4, 'url请求', 3, 'url_cron', '{\"url\":\"https://www.baidu.com\", \"method\":\"get\"}', '* * * * *', 1, 2, 1, 1,
        '2024-10-31 13:42:24', '2024-10-31 13:50:20', '');

/*Data for the table `system_api` */

insert into `system_api`(`id`, `group_id`, `name`, `access_name`, `auth_mode`, `request_mode`, `status`, `created_by`,
                         `updated_by`, `created_at`, `updated_at`, `deleted_at`, `remark`)
values (1, 1, '测试', 'api:test', 2, 'G', 1, NULL, NULL, '2024-11-07 16:00:02', '2024-11-07 16:00:02', NULL, '测试');

/*Data for the table `system_api_group` */

insert into `system_api_group`(`id`, `name`, `status`, `created_by`, `updated_by`, `created_at`, `updated_at`,
                               `deleted_at`, `remark`)
values (1, '用户接口', 1, NULL, NULL, '2024-11-07 14:50:42', '2024-11-07 14:50:42', NULL, '用户相关接口');

/*Data for the table `system_app` */

insert into `system_app`(`id`, `group_id`, `app_name`, `app_id`, `app_secret`, `status`, `description`, `created_by`,
                         `updated_by`, `created_at`, `updated_at`, `deleted_at`, `remark`)
values (1, 1, '测试应用', 'fcf100d164',
        'ODZkZGM2NTg5NWVlYjBhZGQwZDg1MDNjYWFlOTdjNDA2Yzg0ODc0ZDQ2NzY4NDIxYzhlMTU5ZjQzMDQ5NjE0Nw==', 1,
        '<p>测试应用</p>', NULL, NULL, '2024-11-07 14:05:26', '2024-11-07 14:47:15', NULL, '测试应用'),
       (2, 2, '后台管理', 'system',
        'NDkxNjIzZWE4MzRjNjM4YTE2ODAwNzg4MTljODc2YjlhMzIxZjExNmZlNWQwMzQ4NGQ5YjgwOTQyYzllZjJmNQ==', 1,
        '<p>后台管理</p>', NULL, NULL, '2024-11-26 10:23:56', '2024-11-26 10:23:56', NULL, '后台管理');

/*Data for the table `system_app_api` */

insert into `system_app_api`(`app_id`, `api_id`)
values (1, 1);

/*Data for the table `system_app_group` */

insert into `system_app_group`(`id`, `name`, `status`, `created_by`, `updated_by`, `created_at`, `updated_at`,
                               `deleted_at`, `remark`)
values (1, '测试分组', 1, NULL, NULL, '2024-11-07 13:33:23', '2024-11-07 13:33:52', NULL, '测试分组'),
       (2, '系统', 1, NULL, NULL, '2024-11-26 10:23:25', '2024-11-26 10:23:25', NULL, '系统超级分组');

/*Data for the table `system_dept` */

insert into `system_dept`(`id`, `parent_id`, `level`, `name`, `leader`, `phone`, `status`, `sort`, `created_by`,
                          `updated_by`, `created_at`, `updated_at`, `deleted_at`, `remark`)
values (1, 0, ',0,', '总公司', '总公司', '16888888888', 1, 0, 1, 1, '2024-08-19 11:29:32', '2024-08-19 16:11:05', NULL,
        NULL);

/*Data for the table `system_dept_leader` */

/*Data for the table `system_dict_data` */

insert into `system_dict_data`(`id`, `type_id`, `label`, `value`, `code`, `sort`, `status`, `created_by`, `updated_by`,
                               `created_at`, `updated_at`, `deleted_at`, `remark`)
values (1, 1, 'InnoDB', 'InnoDB', 'table_engine', 0, 1, 0, 0, '2021-06-27 00:37:11', '2021-06-27 13:33:29', NULL, ''),
       (2, 1, 'MyISAM', 'MyISAM', 'table_engine', 0, 1, 0, 0, '2021-06-27 00:37:21', '2021-06-27 13:33:29', NULL, ''),
       (3, 2, '本地存储', '1', 'upload_mode', 99, 1, 0, 0, '2021-06-27 13:33:43', '2021-06-27 13:33:43', NULL, ''),
       (4, 2, '阿里云OSS', '2', 'upload_mode', 98, 1, 0, 0, '2021-06-27 13:33:55', '2021-06-27 13:33:55', NULL, ''),
       (5, 2, '七牛云', '3', 'upload_mode', 97, 1, 0, 0, '2021-06-27 13:34:07', '2021-06-27 13:34:07', NULL, ''),
       (6, 2, '腾讯云COS', '4', 'upload_mode', 96, 1, 0, 0, '2021-06-27 13:34:19', '2021-06-27 13:34:19', NULL, ''),
       (7, 3, '正常', '1', 'data_status', 0, 1, 0, 0, '2021-06-27 13:36:51', '2021-06-27 13:37:01', NULL, '0为正常'),
       (8, 3, '停用', '2', 'data_status', 0, 1, 0, 0, '2021-06-27 13:37:10', '2021-06-27 13:37:10', NULL, '1为停用'),
       (9, 4, '统计页面', 'statistics', 'dashboard', 0, 1, 0, 0, '2021-08-09 12:53:53', '2021-08-09 12:53:53', NULL,
        '管理员用'),
       (10, 4, '工作台', 'work', 'dashboard', 0, 1, 0, 0, '2021-08-09 12:54:18', '2021-08-09 12:54:18', NULL,
        '员工使用'),
       (11, 5, '男', '1', 'sex', 0, 1, 0, 0, '2021-08-09 12:55:00', '2021-08-09 12:55:00', NULL, ''),
       (12, 5, '女', '2', 'sex', 0, 1, 0, 0, '2021-08-09 12:55:08', '2021-08-09 12:55:08', NULL, ''),
       (13, 5, '未知', '3', 'sex', 0, 1, 0, 0, '2021-08-09 12:55:16', '2021-08-09 12:55:16', NULL, ''),
       (14, 6, 'String', '1', 'api_data_type', 7, 1, 0, 0, '2021-11-23 10:49:00', '2021-11-23 10:49:00', NULL, ''),
       (15, 6, 'Integer', '2', 'api_data_type', 6, 1, 0, 0, '2021-11-23 10:49:29', '2021-11-23 10:49:29', NULL, ''),
       (16, 6, 'Array', '3', 'api_data_type', 5, 1, 0, 0, '2021-11-23 10:49:38', '2021-11-23 10:49:38', NULL, ''),
       (17, 6, 'Float', '4', 'api_data_type', 4, 1, 0, 0, '2021-11-23 10:49:46', '2021-11-23 10:49:46', NULL, ''),
       (18, 6, 'Boolean', '5', 'api_data_type', 3, 1, 0, 0, '2021-11-23 10:49:54', '2021-11-23 10:49:54', NULL, ''),
       (19, 6, 'Enum', '6', 'api_data_type', 2, 1, 0, 0, '2021-11-23 10:50:17', '2021-11-23 10:50:17', NULL, ''),
       (20, 6, 'Object', '7', 'api_data_type', 1, 1, 0, 0, '2021-11-23 10:50:26', '2021-11-23 10:50:26', NULL, ''),
       (21, 6, 'File', '8', 'api_data_type', 0, 1, 0, 0, '2021-12-25 18:32:48', '2021-12-25 18:32:48', NULL, ''),
       (22, 7, '通知', '1', 'backend_notice_type', 2, 1, 0, 0, '2021-11-11 17:29:27', '2021-11-11 17:30:51', NULL, ''),
       (23, 7, '公告', '2', 'backend_notice_type', 1, 1, 0, 0, '2021-11-11 17:31:42', '2021-11-11 17:31:42', NULL, ''),
       (24, 8, '所有', 'A', 'request_mode', 5, 1, 0, 0, '2021-11-14 17:23:25', '2021-11-14 17:23:25', NULL, ''),
       (25, 8, 'GET', 'G', 'request_mode', 4, 1, 0, 0, '2021-11-14 17:23:45', '2021-11-14 17:23:45', NULL, ''),
       (26, 8, 'POST', 'P', 'request_mode', 3, 1, 0, 0, '2021-11-14 17:23:38', '2021-11-14 17:23:38', NULL, ''),
       (27, 8, 'PUT', 'U', 'request_mode', 2, 1, 0, 0, '2021-11-14 17:23:45', '2021-11-14 17:23:45', NULL, ''),
       (28, 8, 'DELETE', 'D', 'request_mode', 1, 1, 0, 0, '2021-11-14 17:23:45', '2021-11-14 17:23:45', NULL, ''),
       (29, 9, '未生产', '1', 'queue_produce_status', 5, 1, 0, 1, '2021-12-25 18:25:28', '2021-12-25 18:25:28',
        '2024-12-17 14:44:22', ''),
       (30, 9, '生产中', '2', 'queue_produce_status', 4, 1, 0, 1, '2021-12-25 18:25:38', '2021-12-25 18:25:38',
        '2024-12-17 14:44:22', ''),
       (31, 9, '生产成功', '3', 'queue_produce_status', 3, 1, 0, 1, '2021-12-25 18:25:50', '2021-12-25 18:25:50',
        '2024-12-17 14:44:22', ''),
       (32, 9, '生产失败', '4', 'queue_produce_status', 2, 1, 0, 1, '2021-12-25 18:26:14', '2021-12-25 18:26:14',
        '2024-12-17 14:44:22', ''),
       (33, 9, '生产重复', '5', 'queue_produce_status', 1, 1, 0, 1, '2021-12-25 18:26:30', '2021-12-25 18:26:30',
        '2024-12-17 14:44:22', ''),
       (34, 10, '未消费', '1', 'queue_consume_status', 5, 1, 0, 1, '2021-12-25 18:26:57', '2021-12-25 18:26:57',
        '2024-12-17 14:44:22', ''),
       (35, 10, '消费中', '2', 'queue_consume_status', 4, 1, 0, 1, '2021-12-25 18:27:07', '2021-12-25 18:27:07',
        '2024-12-17 14:44:22', ''),
       (36, 10, '消费成功', '3', 'queue_consume_status', 3, 1, 0, 1, '2021-12-25 18:27:16', '2021-12-25 18:27:16',
        '2024-12-17 14:44:22', ''),
       (37, 10, '消费失败', '4', 'queue_consume_status', 2, 1, 0, 1, '2021-12-25 18:27:24', '2021-12-25 18:27:24',
        '2024-12-17 14:44:22', ''),
       (38, 10, '消费重复', '5', 'queue_consume_status', 1, 1, 0, 1, '2021-12-25 18:27:35', '2021-12-25 18:27:35',
        '2024-12-17 14:44:22', ''),
       (39, 11, '通知', 'notice', 'queue_msg_type', 1, 1, 0, 0, '2021-12-25 18:30:31', '2021-12-25 18:30:31', NULL, ''),
       (40, 11, '公告', 'announcement', 'queue_msg_type', 2, 1, 0, 0, '2021-12-25 18:31:00', '2021-12-25 18:31:00',
        NULL, ''),
       (44, 12, '图片', 'image', 'attachment_type', 10, 1, 0, 0, '2022-03-17 14:49:59', '2022-03-17 14:49:59', NULL,
        ''),
       (45, 12, '文档', 'text', 'attachment_type', 9, 1, 0, 0, '2022-03-17 14:50:20', '2022-03-17 14:50:49', NULL, ''),
       (46, 12, '音频', 'audio', 'attachment_type', 8, 1, 0, 0, '2022-03-17 14:50:37', '2022-03-17 14:50:52', NULL, ''),
       (47, 12, '视频', 'video', 'attachment_type', 7, 1, 0, 0, '2022-03-17 14:50:45', '2022-03-17 14:50:57', NULL, ''),
       (48, 12, '应用程序', 'application', 'attachment_type', 6, 1, 0, 0, '2022-03-17 14:50:52', '2022-03-17 14:50:59',
        NULL, ''),
       (49, 13, '好人', '1', 'test', 2, 1, 1, 1, '2024-11-04 17:00:18', '2024-11-04 17:00:45', '2024-11-04 17:07:34',
        NULL),
       (50, 14, '系统用户', '100', 'user_type', 0, 1, 1, 1, '2024-11-14 19:03:19', '2024-11-14 19:03:19', NULL, NULL),
       (51, 14, '普通用户', '200', 'user_type', 0, 1, 1, 1, '2024-11-14 19:08:48', '2024-11-14 19:08:48', NULL, NULL),
       (52, 2, '华为云', '5', 'upload_mode', 0, 1, 1, 1, '2024-12-20 14:16:20', '2024-12-20 14:16:20', NULL, NULL),
       (53, 2, 'aws s3', '6', 'upload_mode', 0, 1, 1, 1, '2024-12-20 14:16:38', '2024-12-20 14:16:38', NULL, NULL),
       (54, 2, 'minio', '7', 'upload_mode', 0, 1, 1, 1, '2024-12-20 14:16:51', '2024-12-20 14:16:51', NULL, NULL);

/*Data for the table `system_dict_type` */

insert into `system_dict_type`(`id`, `name`, `code`, `status`, `created_by`, `updated_by`, `created_at`, `updated_at`,
                               `deleted_at`, `remark`)
values (1, '数据表引擎', 'table_engine', 1, 0, 0, '2021-06-27 00:36:42', '2024-08-19 16:09:46', '2024-08-19 16:09:46',
        '数据表引擎字典'),
       (2, '存储模式', 'upload_mode', 1, 0, 0, '2021-06-27 13:33:11', '2021-06-27 13:33:11', NULL, '上传文件存储模式'),
       (3, '数据状态', 'data_status', 1, 0, 0, '2021-06-27 13:36:16', '2021-06-27 13:36:34', NULL, '通用数据状态'),
       (4, '后台首页', 'dashboard', 1, 0, 0, '2021-08-09 12:53:17', '2021-08-09 12:53:17', NULL, ''),
       (5, '性别', 'sex', 1, 0, 0, '2021-08-09 12:54:40', '2021-08-09 12:54:40', NULL, ''),
       (6, '接口数据类型', 'api_data_type', 1, 0, 0, '2021-11-22 20:56:03', '2021-11-22 20:56:03', NULL, ''),
       (7, '后台公告类型', 'backend_notice_type', 1, 0, 0, '2021-11-11 17:29:05', '2021-11-11 17:29:14', NULL, ''),
       (8, '请求方式', 'request_mode', 1, 0, 0, '2021-11-14 17:22:52', '2021-11-14 17:22:52', NULL, ''),
       (9, '队列生产状态', 'queue_produce_status', 1, 0, 1, '2021-12-25 18:22:38', '2021-12-25 18:22:38',
        '2024-12-17 14:44:22', ''),
       (10, '队列消费状态', 'queue_consume_status', 1, 0, 1, '2021-12-25 18:23:19', '2021-12-25 18:23:19',
        '2024-12-17 14:44:22', ''),
       (11, '消息类型', 'queue_msg_type', 1, 0, 0, '2021-12-25 18:28:40', '2021-12-25 18:28:40', NULL, ''),
       (12, '附件类型', 'attachment_type', 1, 0, 0, '2022-03-17 14:49:23', '2022-03-17 14:49:23', NULL, ''),
       (13, '测试', 'test', 1, 1, 1, '2024-11-04 16:04:10', '2024-11-04 16:04:10', '2024-11-04 17:07:33', 'test'),
       (14, '用户类型', 'user_type', 1, 1, 1, '2024-11-14 19:02:47', '2024-11-14 19:02:47', NULL, '');

/*Data for the table `system_menu` */

insert into `system_menu`(`id`, `parent_id`, `level`, `name`, `code`, `icon`, `route`, `component`, `redirect`,
                          `is_hidden`, `type`, `status`, `sort`, `created_by`, `updated_by`, `created_at`, `updated_at`,
                          `deleted_at`, `remark`)
values (1000, 0, ',0,', '系统管理', 'systemMg', 'IconSettings', 'systemMg', '', '', 2, 'M', 1, 99, 0, 1,
        '2024-08-19 11:29:33', '2024-12-17 14:21:41', NULL, ''),
       (1100, 1000, ',0,1000,', '用户管理', 'system:user', 'ma-icon-user', 'user', 'system/user/index', '', 2, 'M', 1,
        99, 0, 1, '2024-08-19 11:29:33', '2024-08-19 15:57:58', NULL, ''),
       (1101, 1100, ',0,1000,1100,', '用户列表', 'system:user:index', '', '', '', '', 1, 'B', 1, 0, 0, 1,
        '2024-08-19 11:29:33', '2024-08-19 15:57:58', NULL, ''),
       (1102, 1100, ',0,1000,1100,', '用户回收站列表', 'system:user:recycle', '', '', '', '', 1, 'B', 1, 0, 0, 1,
        '2024-08-19 11:29:34', '2024-08-19 15:57:58', NULL, ''),
       (1103, 1100, ',0,1000,1100,', '用户保存', 'system:user:save', '', '', '', '', 1, 'B', 1, 0, 0, 1,
        '2024-08-19 11:29:34', '2024-08-19 15:57:58', NULL, ''),
       (1104, 1100, ',0,1000,1100,', '用户更新', 'system:user:update', '', '', '', '', 1, 'B', 1, 0, 0, 1,
        '2024-08-19 11:29:34', '2024-08-19 15:57:58', NULL, ''),
       (1105, 1100, ',0,1000,1100,', '用户删除', 'system:user:delete', '', '', '', '', 1, 'B', 1, 0, 0, 1,
        '2024-08-19 11:29:34', '2024-08-19 15:57:58', NULL, ''),
       (1106, 1100, ',0,1000,1100,', '用户读取', 'system:user:read', '', '', '', '', 1, 'B', 1, 0, 0, 1,
        '2024-08-19 11:29:34', '2024-08-19 15:57:58', NULL, ''),
       (1107, 1100, ',0,1000,1100,', '用户恢复', 'system:user:recovery', '', '', '', '', 1, 'B', 1, 0, 0, 1,
        '2024-08-19 11:29:34', '2024-08-19 15:57:58', NULL, ''),
       (1108, 1100, ',0,1000,1100,', '用户真实删除', 'system:user:realDelete', '', '', '', '', 1, 'B', 1, 0, 0, 1,
        '2024-08-19 11:29:34', '2024-08-19 15:57:58', NULL, ''),
       (1109, 1100, ',0,1000,1100,', '用户导入', 'system:user:import', '', '', '', '', 1, 'B', 1, 0, 0, 1,
        '2024-08-19 11:29:34', '2024-08-19 15:57:58', NULL, ''),
       (1110, 1100, ',0,1000,1100,', '用户导出', 'system:user:export', '', '', '', '', 1, 'B', 1, 0, 0, 1,
        '2024-08-19 11:29:34', '2024-08-19 15:57:58', NULL, ''),
       (1111, 1100, ',0,1000,1100,', '用户状态改变', 'system:user:changeStatus', '', '', '', '', 1, 'B', 1, 0, 0, 1,
        '2024-08-19 11:29:34', '2024-08-19 15:57:58', NULL, ''),
       (1112, 1100, ',0,1000,1100,', '用户初始化密码', 'system:user:initUserPassword', '', '', '', '', 1, 'B', 1, 0, 0,
        1, '2024-08-19 11:29:34', '2024-08-19 15:57:58', NULL, ''),
       (1113, 1100, ',0,1000,1100,', '更新用户缓存', 'system:user:cache', '', '', '', '', 1, 'B', 1, 0, 0, 1,
        '2024-08-19 11:29:34', '2024-08-19 15:57:58', NULL, ''),
       (1114, 1100, ',0,1000,1100,', '设置用户首页', 'system:user:homePage', '', '', '', '', 1, 'B', 1, 0, 0, 1,
        '2024-08-19 11:29:34', '2024-08-19 15:57:58', NULL, ''),
       (1200, 1000, ',0,1000,', '菜单管理', 'system:menu', 'icon-menu', 'menu', 'system/menu/index', '', 2, 'M', 1, 96,
        0, 1, '2024-08-19 11:29:34', '2024-08-19 15:57:58', NULL, ''),
       (1201, 1200, ',0,1000,1200,', '菜单列表', 'system:menu:index', '', '', '', '', 1, 'B', 1, 0, 0, 1,
        '2024-08-19 11:29:34', '2024-08-19 15:57:58', NULL, ''),
       (1202, 1200, ',0,1000,1200,', '菜单回收站', 'system:menu:recycle', '', '', '', '', 1, 'B', 1, 0, 0, 1,
        '2024-08-19 11:29:34', '2024-08-19 15:57:58', NULL, ''),
       (1203, 1200, ',0,1000,1200,', '菜单保存', 'system:menu:save', '', '', '', '', 1, 'B', 1, 0, 0, 1,
        '2024-08-19 11:29:34', '2024-08-19 15:57:58', NULL, ''),
       (1204, 1200, ',0,1000,1200,', '菜单更新', 'system:menu:update', '', '', '', '', 1, 'B', 1, 0, 0, 1,
        '2024-08-19 11:29:34', '2024-08-19 15:57:58', NULL, ''),
       (1205, 1200, ',0,1000,1200,', '菜单删除', 'system:menu:delete', '', '', '', '', 1, 'B', 1, 0, 0, 1,
        '2024-08-19 11:29:34', '2024-08-19 15:57:58', NULL, ''),
       (1206, 1200, ',0,1000,1200,', '菜单读取', 'system:menu:read', '', '', '', '', 1, 'B', 1, 0, 0, 1,
        '2024-08-19 11:29:34', '2024-08-19 15:57:58', NULL, ''),
       (1207, 1200, ',0,1000,1200,', '菜单恢复', 'system:menu:recovery', '', '', '', '', 1, 'B', 1, 0, 0, 1,
        '2024-08-19 11:29:34', '2024-08-19 15:57:58', NULL, ''),
       (1208, 1200, ',0,1000,1200,', '菜单真实删除', 'system:menu:realDelete', '', '', '', '', 1, 'B', 1, 0, 0, 1,
        '2024-08-19 11:29:34', '2024-08-19 15:57:58', NULL, ''),
       (1209, 1200, ',0,1000,1200,', '菜单导入', 'system:menu:import', '', '', '', '', 1, 'B', 1, 0, 0, 1,
        '2024-08-19 11:29:34', '2024-08-19 15:57:58', NULL, ''),
       (1210, 1200, ',0,1000,1200,', '菜单导出', 'system:menu:export', '', '', '', '', 1, 'B', 1, 0, 0, 1,
        '2024-08-19 11:29:34', '2024-08-19 15:57:59', NULL, ''),
       (1300, 1000, ',0,1000,', '部门管理', 'system:dept', 'ma-icon-dept', 'dept', 'system/dept/index', '', 2, 'M', 1,
        97, 0, 1, '2024-08-19 11:29:34', '2024-08-19 15:57:59', NULL, ''),
       (1301, 1300, ',0,1000,1300,', '部门列表', 'system:dept:index', '', '', '', '', 1, 'B', 1, 0, 0, 1,
        '2024-08-19 11:29:34', '2024-08-19 15:57:59', NULL, ''),
       (1302, 1300, ',0,1000,1300,', '部门回收站', 'system:dept:recycle', '', '', '', '', 1, 'B', 1, 0, 0, 1,
        '2024-08-19 11:29:34', '2024-08-19 15:57:59', NULL, ''),
       (1303, 1300, ',0,1000,1300,', '部门保存', 'system:dept:save', '', '', '', '', 1, 'B', 1, 0, 0, 1,
        '2024-08-19 11:29:34', '2024-08-19 15:57:59', NULL, ''),
       (1304, 1300, ',0,1000,1300,', '部门更新', 'system:dept:update', '', '', '', '', 1, 'B', 1, 0, 0, 1,
        '2024-08-19 11:29:34', '2024-08-19 15:57:59', NULL, ''),
       (1305, 1300, ',0,1000,1300,', '部门删除', 'system:dept:delete', '', '', '', '', 1, 'B', 1, 0, 0, 1,
        '2024-08-19 11:29:34', '2024-08-19 15:57:59', NULL, ''),
       (1306, 1300, ',0,1000,1300,', '部门读取', 'system:dept:read', '', '', '', '', 1, 'B', 1, 0, 0, 1,
        '2024-08-19 11:29:34', '2024-08-19 15:57:59', NULL, ''),
       (1307, 1300, ',0,1000,1300,', '部门恢复', 'system:dept:recovery', '', '', '', '', 1, 'B', 1, 0, 0, 1,
        '2024-08-19 11:29:34', '2024-08-19 15:57:59', NULL, ''),
       (1308, 1300, ',0,1000,1300,', '部门真实删除', 'system:dept:realDelete', '', '', '', '', 1, 'B', 1, 0, 0, 1,
        '2024-08-19 11:29:34', '2024-08-19 15:57:59', NULL, ''),
       (1309, 1300, ',0,1000,1300,', '部门导入', 'system:dept:import', '', '', '', '', 1, 'B', 1, 0, 0, 1,
        '2024-08-19 11:29:34', '2024-08-19 15:57:59', NULL, ''),
       (1310, 1300, ',0,1000,1300,', '部门导出', 'system:dept:export', '', '', '', '', 1, 'B', 1, 0, 0, 1,
        '2024-08-19 11:29:34', '2024-08-19 15:57:59', NULL, ''),
       (1311, 1300, ',0,1000,1300,', '部门状态改变', 'system:dept:changeStatus', '', '', '', '', 1, 'B', 1, 0, 0, 1,
        '2024-08-19 11:29:37', '2024-08-19 15:57:59', NULL, ''),
       (1400, 1000, ',0,1000,', '角色管理', 'system:role', 'ma-icon-role', 'role', 'system/role/index', '', 2, 'M', 1,
        98, 0, 1, '2024-08-19 11:29:34', '2024-08-19 15:57:59', NULL, ''),
       (1401, 1400, ',0,1000,1400,', '角色列表', 'system:role:index', '', '', '', '', 1, 'B', 1, 0, 0, 1,
        '2024-08-19 11:29:34', '2024-08-19 15:57:59', NULL, ''),
       (1402, 1400, ',0,1000,1400,', '角色回收站', 'system:role:recycle', '', '', '', '', 1, 'B', 1, 0, 0, 1,
        '2024-08-19 11:29:34', '2024-08-19 15:57:59', NULL, ''),
       (1403, 1400, ',0,1000,1400,', '角色保存', 'system:role:save', '', '', '', '', 1, 'B', 1, 0, 0, 1,
        '2024-08-19 11:29:34', '2024-08-19 15:57:59', NULL, ''),
       (1404, 1400, ',0,1000,1400,', '角色更新', 'system:role:update', '', '', '', '', 1, 'B', 1, 0, 0, 1,
        '2024-08-19 11:29:34', '2024-08-19 15:57:59', NULL, ''),
       (1405, 1400, ',0,1000,1400,', '角色删除', 'system:role:delete', '', '', '', '', 1, 'B', 1, 0, 0, 1,
        '2024-08-19 11:29:34', '2024-08-19 15:57:59', NULL, ''),
       (1406, 1400, ',0,1000,1400,', '角色读取', 'system:role:read', '', '', '', '', 1, 'B', 1, 0, 0, 1,
        '2024-08-19 11:29:34', '2024-08-19 15:57:59', NULL, ''),
       (1407, 1400, ',0,1000,1400,', '角色恢复', 'system:role:recovery', '', '', '', '', 1, 'B', 1, 0, 0, 1,
        '2024-08-19 11:29:34', '2024-08-19 15:57:59', NULL, ''),
       (1408, 1400, ',0,1000,1400,', '角色真实删除', 'system:role:realDelete', '', '', '', '', 1, 'B', 1, 0, 0, 1,
        '2024-08-19 11:29:35', '2024-08-19 15:57:59', NULL, ''),
       (1409, 1400, ',0,1000,1400,', '角色导入', 'system:role:import', '', '', '', '', 1, 'B', 1, 0, 0, 1,
        '2024-08-19 11:29:35', '2024-08-19 15:57:59', NULL, ''),
       (1410, 1400, ',0,1000,1400,', '角色导出', 'system:role:export', '', '', '', '', 1, 'B', 1, 0, 0, 1,
        '2024-08-19 11:29:35', '2024-08-19 15:57:59', NULL, ''),
       (1411, 1400, ',0,1000,1400,', '角色状态改变', 'system:role:changeStatus', '', '', '', '', 1, 'B', 1, 0, 0, 1,
        '2024-08-19 11:29:35', '2024-08-19 15:57:59', NULL, ''),
       (1412, 1400, ',0,1000,1400,', '更新菜单权限', 'system:role:menuPermission', '', '', '', '', 1, 'B', 1, 0, 0, 1,
        '2024-08-19 11:29:35', '2024-08-19 15:57:59', NULL, ''),
       (1413, 1400, ',0,1000,1400,', '更新数据权限', 'system:role:dataPermission', '', '', '', '', 1, 'B', 1, 0, 0, 1,
        '2024-08-19 11:29:35', '2024-08-19 15:57:59', NULL, ''),
       (1500, 1000, ',0,1000,', '岗位管理', 'system:post', 'ma-icon-post', 'post', 'system/post/index', '', 2, 'M', 1,
        95, 0, 1, '2024-08-19 11:29:35', '2024-08-19 16:04:24', NULL, ''),
       (1501, 1500, ',0,1000,1500,', '岗位列表', 'system:post:index', '', '', '', '', 1, 'B', 1, 0, 0, 1,
        '2024-08-19 11:29:35', '2024-08-19 15:57:59', NULL, ''),
       (1502, 1500, ',0,1000,1500,', '岗位回收站', 'system:post:recycle', '', '', '', '', 1, 'B', 1, 0, 0, 1,
        '2024-08-19 11:29:35', '2024-08-19 15:57:59', NULL, ''),
       (1503, 1500, ',0,1000,1500,', '岗位保存', 'system:post:save', '', '', '', '', 1, 'B', 1, 0, 0, 1,
        '2024-08-19 11:29:35', '2024-08-19 15:57:59', NULL, ''),
       (1504, 1500, ',0,1000,1500,', '岗位更新', 'system:post:update', '', '', '', '', 1, 'B', 1, 0, 0, 1,
        '2024-08-19 11:29:35', '2024-08-19 15:57:59', NULL, ''),
       (1505, 1500, ',0,1000,1500,', '岗位删除', 'system:post:delete', '', '', '', '', 1, 'B', 1, 0, 0, 1,
        '2024-08-19 11:29:35', '2024-08-19 15:57:59', NULL, ''),
       (1506, 1500, ',0,1000,1500,', '岗位读取', 'system:post:read', '', '', '', '', 1, 'B', 1, 0, 0, 1,
        '2024-08-19 11:29:35', '2024-08-19 15:57:59', NULL, ''),
       (1507, 1500, ',0,1000,1500,', '岗位恢复', 'system:post:recovery', '', '', '', '', 1, 'B', 1, 0, 0, 1,
        '2024-08-19 11:29:35', '2024-08-19 15:58:00', NULL, ''),
       (1508, 1500, ',0,1000,1500,', '岗位真实删除', 'system:post:realDelete', '', '', '', '', 1, 'B', 1, 0, 0, 1,
        '2024-08-19 11:29:35', '2024-08-19 15:58:00', NULL, ''),
       (1509, 1500, ',0,1000,1500,', '岗位导入', 'system:post:import', '', '', '', '', 1, 'B', 1, 0, 0, 1,
        '2024-08-19 11:29:35', '2024-08-19 15:58:00', NULL, ''),
       (1510, 1500, ',0,1000,1500,', '岗位导出', 'system:post:export', '', '', '', '', 1, 'B', 1, 0, 0, 1,
        '2024-08-19 11:29:35', '2024-08-19 15:58:00', NULL, ''),
       (1511, 1500, ',0,1000,1500,', '岗位状态改变', 'system:post:changeStatus', '', '', '', '', 1, 'B', 1, 0, 0, 1,
        '2024-08-19 11:29:37', '2024-08-19 15:58:00', NULL, ''),
       (2000, 1000, ',0,1000,', '数据', 'dataCenter', 'icon-storage', 'dataCenter', '', '', 2, 'M', 1, 1, 0, 1,
        '2024-08-19 11:29:35', '2024-08-19 16:08:30', NULL, ''),
       (2100, 2000, ',0,1000,2000,', '数据字典', 'system:dict', 'ma-icon-dict', 'dict', 'system/dict/index', '', 2, 'M',
        1, 99, 0, 1, '2024-08-19 11:29:35', '2024-08-19 16:01:55', NULL, ''),
       (2101, 2100, ',0,1000,2000,2100,', '数据字典列表', 'system:dict:index', '', '', '', '', 1, 'B', 1, 0, 0, 1,
        '2024-08-19 11:29:35', '2024-08-19 16:01:55', NULL, ''),
       (2102, 2100, ',0,1000,2000,2100,', '数据字典回收站', 'system:dict:recycle', '', '', '', '', 1, 'B', 1, 0, 0, 1,
        '2024-08-19 11:29:35', '2024-08-19 16:01:55', NULL, ''),
       (2103, 2100, ',0,1000,2000,2100,', '数据字典保存', 'system:dict:save', '', '', '', '', 1, 'B', 1, 0, 0, 1,
        '2024-08-19 11:29:35', '2024-08-19 16:01:55', NULL, ''),
       (2104, 2100, ',0,1000,2000,2100,', '数据字典更新', 'system:dict:update', '', '', '', '', 1, 'B', 1, 0, 0, 1,
        '2024-08-19 11:29:35', '2024-08-19 16:01:55', NULL, ''),
       (2105, 2100, ',0,1000,2000,2100,', '数据字典删除', 'system:dict:delete', '', '', '', '', 1, 'B', 1, 0, 0, 1,
        '2024-08-19 11:29:35', '2024-08-19 16:01:55', NULL, ''),
       (2106, 2100, ',0,1000,2000,2100,', '数据字典读取', 'system:dict:read', '', '', '', '', 1, 'B', 1, 0, 0, 1,
        '2024-08-19 11:29:35', '2024-08-19 16:01:55', NULL, ''),
       (2107, 2100, ',0,1000,2000,2100,', '数据字典恢复', 'system:dict:recovery', '', '', '', '', 1, 'B', 1, 0, 0, 1,
        '2024-08-19 11:29:35', '2024-08-19 16:01:55', NULL, ''),
       (2108, 2100, ',0,1000,2000,2100,', '数据字典真实删除', 'system:dict:realDelete', '', '', '', '', 1, 'B', 1, 0, 0,
        1, '2024-08-19 11:29:35', '2024-08-19 16:01:55', NULL, ''),
       (2109, 2100, ',0,1000,2000,2100,', '数据字典导入', 'system:dict:import', '', '', '', '', 1, 'B', 1, 0, 0, 1,
        '2024-08-19 11:29:35', '2024-08-19 16:01:55', NULL, ''),
       (2110, 2100, ',0,1000,2000,2100,', '数据字典导出', 'system:dict:export', '', '', '', '', 1, 'B', 1, 0, 0, 1,
        '2024-08-19 11:29:35', '2024-08-19 16:01:55', NULL, ''),
       (2112, 2100, ',0,1000,2000,2100,', '字典状态改变', 'system:dataDict:changeStatus', '', '', '', '', 1, 'B', 1, 0,
        0, 1, '2024-08-19 11:29:37', '2024-08-19 16:01:55', NULL, ''),
       (2200, 2000, ',0,1000,2000,', '附件管理', 'system:attachment', 'ma-icon-attach', 'attachment',
        'system/attachment/index', '', 2, 'M', 1, 98, 0, 1, '2024-08-19 11:29:35', '2024-08-19 16:01:55', NULL, ''),
       (2201, 2200, ',0,1000,2000,2200,', '附件删除', 'system:attachment:delete', '', '', '', '', 1, 'B', 1, 0, 0, 1,
        '2024-08-19 11:29:35', '2024-11-08 13:12:18', NULL, ''),
       (2202, 2200, ',0,1000,2000,2200,', '附件列表', 'system:attachment:index', '', '', '', '', 1, 'B', 1, 0, 0, 1,
        '2024-08-19 11:29:35', '2024-08-19 16:01:55', NULL, ''),
       (2203, 2200, ',0,1000,2000,2200,', '附件回收站', 'system:attachment:recycle', '', '', '', '', 1, 'B', 1, 0, 0, 1,
        '2024-08-19 11:29:35', '2024-08-19 16:01:55', NULL, ''),
       (2204, 2200, ',0,1000,2000,2200,', '附件真实删除', 'system:attachment:realDelete', '', '', '', '', 1, 'B', 1, 0,
        0, 1, '2024-08-19 11:29:35', '2024-08-19 16:01:55', NULL, ''),
       (2500, 1000, ',0,1000,', '应用中心', 'apps', 'icon-apps', 'apps', '', '', 2, 'M', 1, 79, 0, 1,
        '2024-08-19 11:29:36', '2024-11-14 19:18:53', NULL, ''),
       (2510, 2500, ',0,1000,2500,', '应用分组', 'system:appGroup', 'ma-icon-group', 'appGroup',
        'system/appGroup/index', '', 2, 'M', 1, 0, 0, 1, '2024-08-19 11:29:36', '2024-08-19 16:01:55', NULL, ''),
       (2511, 2510, ',0,1000,2500,2510,', '应用分组列表', 'system:appGroup:index', '', '', '', '', 1, 'B', 1, 0, 0, 1,
        '2024-08-19 11:29:36', '2024-08-19 16:01:55', NULL, ''),
       (2512, 2510, ',0,1000,2500,2510,', '应用分组回收站', 'system:appGroup:recycle', '', '', '', '', 1, 'B', 1, 0, 0,
        1, '2024-08-19 11:29:36', '2024-08-19 16:01:55', NULL, ''),
       (2513, 2510, ',0,1000,2500,2510,', '应用分组保存', 'system:appGroup:save', '', '', '', '', 1, 'B', 1, 0, 0, 1,
        '2024-08-19 11:29:36', '2024-08-19 16:01:55', NULL, ''),
       (2514, 2510, ',0,1000,2500,2510,', '应用分组更新', 'system:appGroup:update', '', '', '', '', 1, 'B', 1, 0, 0, 1,
        '2024-08-19 11:29:36', '2024-08-19 16:01:55', NULL, ''),
       (2515, 2510, ',0,1000,2500,2510,', '应用分组删除', 'system:appGroup:delete', '', '', '', '', 1, 'B', 1, 0, 0, 1,
        '2024-08-19 11:29:36', '2024-08-19 16:01:55', NULL, ''),
       (2516, 2510, ',0,1000,2500,2510,', '应用分组读取', 'system:appGroup:read', '', '', '', '', 1, 'B', 1, 0, 0, 1,
        '2024-08-19 11:29:36', '2024-08-19 16:01:55', NULL, ''),
       (2517, 2510, ',0,1000,2500,2510,', '应用分组恢复', 'system:appGroup:recovery', '', '', '', '', 1, 'B', 1, 0, 0,
        1, '2024-08-19 11:29:36', '2024-08-19 16:01:55', NULL, ''),
       (2518, 2510, ',0,1000,2500,2510,', '应用分组真实删除', 'system:appGroup:realDelete', '', '', '', '', 1, 'B', 1,
        0, 0, 1, '2024-08-19 11:29:36', '2024-08-19 16:01:55', NULL, ''),
       (2519, 2510, ',0,1000,2500,2510,', '应用分组导入', 'system:appGroup:import', '', '', '', '', 1, 'B', 1, 0, 0, 1,
        '2024-08-19 11:29:36', '2024-08-19 16:01:55', NULL, ''),
       (2520, 2510, ',0,1000,2500,2510,', '应用分组导出', 'system:appGroup:export', '', '', '', '', 1, 'B', 1, 0, 0, 1,
        '2024-08-19 11:29:36', '2024-08-19 16:01:55', NULL, ''),
       (2530, 2500, ',0,1000,2500,', '应用管理', 'system:app', 'icon-archive', 'app', 'system/app/index', '', 2, 'M', 1,
        0, 0, 1, '2024-08-19 11:29:36', '2024-08-19 16:01:55', NULL, ''),
       (2531, 2530, ',0,1000,2500,2530,', '应用列表', 'system:app:index', '', '', '', '', 1, 'B', 1, 0, 0, 1,
        '2024-08-19 11:29:36', '2024-08-19 16:01:55', NULL, ''),
       (2532, 2530, ',0,1000,2500,2530,', '应用回收站', 'system:app:recycle', '', '', '', '', 1, 'B', 1, 0, 0, 1,
        '2024-08-19 11:29:36', '2024-08-19 16:01:55', NULL, ''),
       (2533, 2530, ',0,1000,2500,2530,', '应用保存', 'system:app:save', '', '', '', '', 1, 'B', 1, 0, 0, 1,
        '2024-08-19 11:29:36', '2024-08-19 16:01:55', NULL, ''),
       (2534, 2530, ',0,1000,2500,2530,', '应用更新', 'system:app:update', '', '', '', '', 1, 'B', 1, 0, 0, 1,
        '2024-08-19 11:29:36', '2024-08-19 16:01:55', NULL, ''),
       (2535, 2530, ',0,1000,2500,2530,', '应用删除', 'system:app:delete', '', '', '', '', 1, 'B', 1, 0, 0, 1,
        '2024-08-19 11:29:36', '2024-08-19 16:01:55', NULL, ''),
       (2536, 2530, ',0,1000,2500,2530,', '应用读取', 'system:app:read', '', '', '', '', 1, 'B', 1, 0, 0, 1,
        '2024-08-19 11:29:36', '2024-08-19 16:01:55', NULL, ''),
       (2537, 2530, ',0,1000,2500,2530,', '应用恢复', 'system:app:recovery', '', '', '', '', 1, 'B', 1, 0, 0, 1,
        '2024-08-19 11:29:36', '2024-08-19 16:01:55', NULL, ''),
       (2538, 2530, ',0,1000,2500,2530,', '应用真实删除', 'system:app:realDelete', '', '', '', '', 1, 'B', 1, 0, 0, 1,
        '2024-08-19 11:29:36', '2024-08-19 16:01:55', NULL, ''),
       (2539, 2530, ',0,1000,2500,2530,', '应用导入', 'system:app:import', '', '', '', '', 1, 'B', 1, 0, 0, 1,
        '2024-08-19 11:29:36', '2024-08-19 16:01:55', NULL, ''),
       (2540, 2530, ',0,1000,2500,2530,', '应用导出', 'system:app:export', '', '', '', '', 1, 'B', 1, 0, 0, 1,
        '2024-08-19 11:29:36', '2024-08-19 16:01:55', NULL, ''),
       (2541, 2530, ',0,1000,2500,2530,', '应用绑定接口', 'system:app:bind', '', '', '', '', 1, 'B', 1, 0, 0, 1,
        '2024-08-19 11:29:36', '2024-08-19 16:01:55', NULL, ''),
       (2600, 1000, ',0,1000,', '应用接口', 'apis', 'icon-common', 'apis', '', '', 2, 'M', 1, 80, 0, 1,
        '2024-08-19 11:29:36', '2024-11-14 19:18:38', NULL, ''),
       (2610, 2600, ',0,1000,2600,', '接口分组', 'system:apiGroup', 'ma-icon-group', 'apiGroup',
        'system/apiGroup/index', '', 2, 'M', 1, 0, 0, 1, '2024-08-19 11:29:36', '2024-08-19 16:01:56', NULL, ''),
       (2611, 2610, ',0,1000,2600,2610,', '接口分组列表', 'system:apiGroup:index', '', '', '', '', 1, 'B', 1, 0, 0, 1,
        '2024-08-19 11:29:36', '2024-08-19 16:01:56', NULL, ''),
       (2612, 2610, ',0,1000,2600,2610,', '接口分组回收站', 'system:apiGroup:recycle', '', '', '', '', 1, 'B', 1, 0, 0,
        1, '2024-08-19 11:29:37', '2024-08-19 16:01:56', NULL, ''),
       (2613, 2610, ',0,1000,2600,2610,', '接口分组保存', 'system:apiGroup:save', '', '', '', '', 1, 'B', 1, 0, 0, 1,
        '2024-08-19 11:29:37', '2024-08-19 16:01:56', NULL, ''),
       (2614, 2610, ',0,1000,2600,2610,', '接口分组更新', 'system:apiGroup:update', '', '', '', '', 1, 'B', 1, 0, 0, 1,
        '2024-08-19 11:29:37', '2024-08-19 16:01:56', NULL, ''),
       (2615, 2610, ',0,1000,2600,2610,', '接口分组删除', 'system:apiGroup:delete', '', '', '', '', 1, 'B', 1, 0, 0, 1,
        '2024-08-19 11:29:37', '2024-08-19 16:01:56', NULL, ''),
       (2616, 2610, ',0,1000,2600,2610,', '接口分组读取', 'system:apiGroup:read', '', '', '', '', 1, 'B', 1, 0, 0, 1,
        '2024-08-19 11:29:37', '2024-08-19 16:01:56', NULL, ''),
       (2617, 2610, ',0,1000,2600,2610,', '接口分组恢复', 'system:apiGroup:recovery', '', '', '', '', 1, 'B', 1, 0, 0,
        1, '2024-08-19 11:29:37', '2024-08-19 16:01:56', NULL, ''),
       (2618, 2610, ',0,1000,2600,2610,', '接口分组真实删除', 'system:apiGroup:realDelete', '', '', '', '', 1, 'B', 1,
        0, 0, 1, '2024-08-19 11:29:37', '2024-08-19 16:01:56', NULL, ''),
       (2619, 2610, ',0,1000,2600,2610,', '接口分组导入', 'system:apiGroup:import', '', '', '', '', 1, 'B', 1, 0, 0, 1,
        '2024-08-19 11:29:37', '2024-08-19 16:01:56', NULL, ''),
       (2620, 2610, ',0,1000,2600,2610,', '接口分组导出', 'system:apiGroup:export', '', '', '', '', 1, 'B', 1, 0, 0, 1,
        '2024-08-19 11:29:37', '2024-08-19 16:01:56', NULL, ''),
       (2630, 2600, ',0,1000,2600,', '接口管理', 'system:api', 'icon-mind-mapping', 'api', 'system/api/index', '', 2,
        'M', 1, 0, 0, 1, '2024-08-19 11:29:37', '2024-08-19 16:01:56', NULL, ''),
       (2631, 2630, ',0,1000,2600,2630,', '接口列表', 'system:api:index', '', '', '', '', 1, 'B', 1, 0, 0, 1,
        '2024-08-19 11:29:37', '2024-08-19 16:01:56', NULL, ''),
       (2632, 2630, ',0,1000,2600,2630,', '接口回收站', 'system:api:recycle', '', '', '', '', 1, 'B', 1, 0, 0, 1,
        '2024-08-19 11:29:37', '2024-08-19 16:01:56', NULL, ''),
       (2633, 2630, ',0,1000,2600,2630,', '接口保存', 'system:api:save', '', '', '', '', 1, 'B', 1, 0, 0, 1,
        '2024-08-19 11:29:37', '2024-08-19 16:01:56', NULL, ''),
       (2634, 2630, ',0,1000,2600,2630,', '接口更新', 'system:api:update', '', '', '', '', 1, 'B', 1, 0, 0, 1,
        '2024-08-19 11:29:37', '2024-08-19 16:01:56', NULL, ''),
       (2635, 2630, ',0,1000,2600,2630,', '接口删除', 'system:api:delete', '', '', '', '', 1, 'B', 1, 0, 0, 1,
        '2024-08-19 11:29:37', '2024-08-19 16:01:56', NULL, ''),
       (2636, 2630, ',0,1000,2600,2630,', '接口读取', 'system:api:read', '', '', '', '', 1, 'B', 1, 0, 0, 1,
        '2024-08-19 11:29:37', '2024-08-19 16:01:56', NULL, ''),
       (2637, 2630, ',0,1000,2600,2630,', '接口恢复', 'system:api:recovery', '', '', '', '', 1, 'B', 1, 0, 0, 1,
        '2024-08-19 11:29:37', '2024-08-19 16:01:56', NULL, ''),
       (2638, 2630, ',0,1000,2600,2630,', '接口真实删除', 'system:api:realDelete', '', '', '', '', 1, 'B', 1, 0, 0, 1,
        '2024-08-19 11:29:37', '2024-08-19 16:01:56', NULL, ''),
       (2639, 2630, ',0,1000,2600,2630,', '接口导入', 'system:api:import', '', '', '', '', 1, 'B', 1, 0, 0, 1,
        '2024-08-19 11:29:37', '2024-08-19 16:01:56', NULL, ''),
       (2640, 2630, ',0,1000,2600,2630,', '接口导出', 'system:api:export', '', '', '', '', 1, 'B', 1, 0, 0, 1,
        '2024-08-19 11:29:37', '2024-08-19 16:01:56', NULL, ''),
       (2700, 1000, ',0,1000,', '系统公告', 'system:notice', 'icon-bulb', 'notice', 'system/notice/index', '', 2, 'M',
        1, 94, 0, 1, '2024-08-19 11:29:37', '2024-11-14 19:45:06', NULL, ''),
       (2701, 2700, ',0,1000,2700,', '系统公告列表', 'system:notice:index', '', '', '', '', 1, 'B', 1, 0, 0, 1,
        '2024-08-19 11:29:37', '2024-08-19 16:01:56', NULL, ''),
       (2702, 2700, ',0,1000,2700,', '系统公告回收站', 'system:notice:recycle', '', '', '', '', 1, 'B', 1, 0, 0, 1,
        '2024-08-19 11:29:37', '2024-08-19 16:01:56', NULL, ''),
       (2703, 2700, ',0,1000,2700,', '系统公告保存', 'system:notice:save', '', '', '', '', 1, 'B', 1, 0, 0, 1,
        '2024-08-19 11:29:37', '2024-08-19 16:01:56', NULL, ''),
       (2704, 2700, ',0,1000,2700,', '系统公告更新', 'system:notice:update', '', '', '', '', 1, 'B', 1, 0, 0, 1,
        '2024-08-19 11:29:37', '2024-08-19 16:01:56', NULL, ''),
       (2705, 2700, ',0,1000,2700,', '系统公告删除', 'system:notice:delete', '', '', '', '', 1, 'B', 1, 0, 0, 1,
        '2024-08-19 11:29:37', '2024-08-19 16:01:56', NULL, ''),
       (2706, 2700, ',0,1000,2700,', '系统公告读取', 'system:notice:read', '', '', '', '', 1, 'B', 1, 0, 0, 1,
        '2024-08-19 11:29:37', '2024-08-19 16:01:56', NULL, ''),
       (2707, 2700, ',0,1000,2700,', '系统公告恢复', 'system:notice:recovery', '', '', '', '', 1, 'B', 1, 0, 0, 1,
        '2024-08-19 11:29:37', '2024-08-19 16:01:56', NULL, ''),
       (2708, 2700, ',0,1000,2700,', '系统公告真实删除', 'system:notice:realDelete', '', '', '', '', 1, 'B', 1, 0, 0, 1,
        '2024-08-19 11:29:37', '2024-08-19 16:01:56', NULL, ''),
       (2709, 2700, ',0,1000,2700,', '系统公告导入', 'system:notice:import', '', '', '', '', 1, 'B', 1, 0, 0, 1,
        '2024-08-19 11:29:37', '2024-08-19 16:01:56', NULL, ''),
       (2710, 2700, ',0,1000,2700,', '系统公告导出', 'system:notice:export', '', '', '', '', 1, 'B', 1, 0, 0, 1,
        '2024-08-19 11:29:37', '2024-08-19 16:01:56', NULL, ''),
       (3300, 1000, ',0,1000,', '日志', 'logs', 'icon-book', 'logs', '', '', 2, 'M', 1, 0, 0, 1, '2024-08-19 11:29:35',
        '2024-08-19 16:05:26', NULL, ''),
       (3400, 3300, ',0,1000,3000,3200,', '登录日志', 'system:loginLog', 'icon-idcard', 'loginLog',
        'system/logs/loginLog', '', 2, 'M', 1, 0, 0, 1, '2024-08-19 11:29:35', '2024-08-19 16:00:54', NULL, ''),
       (3401, 3400, ',0,1000,3300,', '登录日志删除', 'system:loginLog:delete', '', '', '', '', 1, 'B', 1, 0, 0, 1,
        '2024-08-19 11:29:35', '2024-08-19 16:05:26', NULL, ''),
       (3500, 3300, ',0,1000,3000,3200,', '操作日志', 'system:operLog', 'icon-robot', 'operLog', 'system/logs/operLog',
        '', 2, 'M', 1, 0, 0, 1, '2024-08-19 11:29:35', '2024-08-19 16:00:54', NULL, ''),
       (3501, 3500, ',0,1000,3000,3200,3400,', '操作日志删除', 'system:operLog:delete', '', '', '', '', 1, 'B', 1, 0, 0,
        1, '2024-08-19 11:29:35', '2024-08-19 16:00:54', NULL, ''),
       (3600, 2000, ',0,1000,2000,', '在线用户', 'system:onlineUser', 'ma-icon-online', 'onlineUser',
        'system/monitor/onlineUser/index', '', 2, 'M', 1, 80, 0, 1, '2024-08-19 11:29:35', '2024-11-08 15:46:10', NULL,
        ''),
       (3601, 3500, ',0,1000,3000,3500,', '在线用户列表', 'system:onlineUser:index', '', '', '', '', 1, 'B', 1, 0, 0, 1,
        '2024-08-19 11:29:35', '2024-08-19 16:00:54', NULL, ''),
       (3602, 3500, ',0,1000,3000,3500,', '强退用户', 'system:onlineUser:kick', '', '', '', '', 1, 'B', 1, 0, 0, 1,
        '2024-08-19 11:29:35', '2024-08-19 16:00:54', NULL, ''),
       (3700, 2000, ',0,1000,2000,', '缓存监控', 'system:cache', 'icon-dice', 'cache', 'system/monitor/cache/index', '',
        2, 'M', 1, 98, 0, 1, '2024-08-19 11:29:37', '2024-11-08 15:47:07', NULL, ''),
       (3701, 3700, ',0,1000,2000,3000,3700,', '获取Redis信息', 'system:cache:monitor', '', '', '', '', 1, 'B', 1, 0, 0,
        1, '2024-08-19 11:29:37', '2024-08-19 16:00:54', NULL, ''),
       (3702, 3700, ',0,1000,2000,3000,3700,', '删除一个缓存', 'system:cache:delete', '', '', '', '', 1, 'B', 1, 0, 0,
        1, '2024-08-19 11:29:37', '2024-08-19 16:00:54', NULL, ''),
       (3703, 3700, ',0,1000,2000,3000,3700,', '清空所有缓存', 'system:cache:clear', '', '', '', '', 1, 'B', 1, 0, 0, 1,
        '2024-08-19 11:29:37', '2024-08-19 16:00:54', NULL, ''),
       (3800, 3300, ',0,1000,3300,', '接口日志', 'system:apiLog', 'icon-calendar', 'apiLog', 'system/logs/apiLog', '',
        2, 'M', 1, 0, 0, 1, '2024-08-19 11:29:37', '2024-08-19 16:05:26', NULL, ''),
       (3801, 3800, ',0,1000,3300,3800,', '接口日志删除', 'system:apiLog:delete', '', '', '', '', 1, 'B', 1, 0, 0, 1,
        '2024-08-19 11:29:37', '2024-08-19 16:05:26', NULL, ''),
       (4000, 1000, ',0,1000,', '工具', 'devTools', 'ma-icon-tool', 'devTools', '', '', 2, 'M', 1, 3, 0, 1,
        '2024-08-19 11:29:35', '2024-11-08 15:43:30', NULL, ''),
       (4200, 4000, ',0,1000,4000,', '代码生成器', 'system:code', 'ma-icon-code', 'code', 'system/code/index', '', 2,
        'M', 1, 98, 0, 1, '2024-08-19 11:29:36', '2024-08-19 15:56:57', NULL, ''),
       (4201, 4200, ',0,1000,4000,4200,', '预览代码', 'system:code:preview', '', '', '', '', 1, 'B', 1, 0, 0, 1,
        '2024-08-19 11:29:36', '2024-08-19 11:29:36', NULL, ''),
       (4202, 4200, ',0,1000,4000,4200,', '装载数据表', 'system:code:loadTable', '', '', '', '', 1, 'B', 1, 0, 0, 1,
        '2024-08-19 11:29:36', '2024-08-19 11:29:36', NULL, ''),
       (4203, 4200, ',0,1000,4000,4200,', '删除业务表', 'system:code:delete', '', '', '', '', 1, 'B', 1, 0, 0, 1,
        '2024-08-19 11:29:36', '2024-08-19 11:29:36', NULL, ''),
       (4204, 4200, ',0,1000,4000,4200,', '同步业务表', 'system:code:sync', '', '', '', '', 1, 'B', 1, 0, 0, 1,
        '2024-08-19 11:29:36', '2024-08-19 11:29:36', NULL, ''),
       (4205, 4200, ',0,1000,4000,4200,', '生成代码', 'system:code:generate', '', '', '', '', 1, 'B', 1, 0, 0, 1,
        '2024-08-19 11:29:36', '2024-08-19 11:29:36', NULL, ''),
       (4206, 4200, ',0,1000,4000,4200,', '代码生成列表', 'system:code:index', '', '', '', '', 1, 'B', 1, 0, 0, 1,
        '2024-08-19 11:29:36', '2024-08-19 11:29:36', NULL, ''),
       (4400, 1000, ',0,1000,', '定时任务', 'system:crontab', 'icon-schedule', 'crontab', 'system/crontab/index', '', 2,
        'M', 1, 93, 0, 1, '2024-08-19 11:29:36', '2024-08-19 16:03:16', NULL, ''),
       (4401, 4400, ',0,1000,4400,', '定时任务列表', 'system:crontab:index', '', '', '', '', 1, 'B', 1, 0, 0, 1,
        '2024-08-19 11:29:36', '2024-08-19 15:57:32', NULL, ''),
       (4402, 4400, ',0,1000,4400,', '定时任务保存', 'system:crontab:save', '', '', '', '', 1, 'B', 1, 0, 0, 1,
        '2024-08-19 11:29:36', '2024-08-19 15:57:32', NULL, ''),
       (4403, 4400, ',0,1000,4400,', '定时任务更新', 'system:crontab:update', '', '', '', '', 1, 'B', 1, 0, 0, 1,
        '2024-08-19 11:29:36', '2024-08-19 15:57:32', NULL, ''),
       (4404, 4400, ',0,1000,4400,', '定时任务删除', 'system:crontab:delete', '', '', '', '', 1, 'B', 1, 0, 0, 1,
        '2024-08-19 11:29:36', '2024-08-19 15:57:32', NULL, ''),
       (4405, 4400, ',0,1000,4400,', '定时任务读取', 'system:crontab:read', '', '', '', '', 1, 'B', 1, 0, 0, 1,
        '2024-08-19 11:29:36', '2024-08-19 15:57:32', NULL, ''),
       (4406, 4400, ',0,1000,4400,', '定时任务导入', 'system:crontab:import', '', '', '', '', 1, 'B', 1, 0, 0, 1,
        '2024-08-19 11:29:36', '2024-08-19 15:57:32', NULL, ''),
       (4407, 4400, ',0,1000,4400,', '定时任务导出', 'system:crontab:export', '', '', '', '', 1, 'B', 1, 0, 0, 1,
        '2024-08-19 11:29:36', '2024-08-19 15:57:32', NULL, ''),
       (4408, 4400, ',0,1000,4400,', '定时任务执行', 'system:crontab:run', '', '', '', '', 1, 'B', 1, 0, 0, 1,
        '2024-08-19 11:29:36', '2024-08-19 15:57:32', NULL, ''),
       (4409, 4400, ',0,1000,4400,', '定时任务日志删除', 'system:crontab:deleteLog', '', '', '', '', 1, 'B', 1, 0, 0, 1,
        '2024-08-19 11:29:37', '2024-08-19 15:57:32', NULL, ''),
       (4500, 1000, ',0,1000,', '配置', 'system:config', 'IconEdit', 'system', 'system/config/index', '', 2, 'M', 1, 94,
        0, 1, '2024-08-19 11:29:36', '2024-12-17 14:23:27', NULL, ''),
       (4502, 4500, ',0,1000,4500,', '配置列表', 'system:config:index', '', '', '', '', 1, 'B', 1, 0, 0, 1,
        '2024-08-19 11:29:36', '2024-08-19 15:58:34', NULL, ''),
       (4504, 4500, ',0,1000,4500,', '新增配置 ', 'system:config:save', '', '', '', '', 1, 'B', 1, 0, 0, 1,
        '2024-08-19 11:29:36', '2024-08-19 15:58:34', NULL, ''),
       (4505, 4500, ',0,1000,4500,', '更新配置', 'system:config:update', '', '', '', '', 1, 'B', 1, 0, 0, 1,
        '2024-08-19 11:29:36', '2024-08-19 15:58:34', NULL, ''),
       (4506, 4500, ',0,1000,4500,', '删除配置', 'system:config:delete', '', '', '', '', 1, 'B', 1, 0, 0, 1,
        '2024-08-19 11:29:36', '2024-08-19 15:58:34', NULL, ''),
       (4507, 4500, ',0,1000,4500,', '清除配置缓存', 'system:config:clearCache', '', '', '', '', 1, 'B', 1, 0, 0, 1,
        '2024-08-19 11:29:36', '2024-08-19 15:58:34', NULL, ''),
       (4508, 1000, ',0,1000,', '模块管理', 'system:systemModules', 'IconApps', 'systemModules',
        'system/systemModules/index', '', 2, 'M', 1, 92, 1, 1, '2024-12-16 16:39:39', '2024-12-17 14:23:49', NULL, ''),
       (4509, 4508, ',0,1000,4508,', '模块管理列表', 'system:systemModules:index', NULL, NULL, NULL, NULL, 2, 'B', 1, 0,
        1, 1, '2024-12-16 16:39:39', '2024-12-16 16:39:39', NULL, NULL),
       (4510, 4508, ',0,1000,4508,', '模块管理回收站', 'system:systemModules:recycle', NULL, NULL, NULL, NULL, 2, 'B',
        1, 0, 1, 1, '2024-12-16 16:39:39', '2024-12-16 16:39:39', NULL, NULL),
       (4511, 4508, ',0,1000,4508,', '模块管理恢复', 'system:systemModules:recovery', NULL, NULL, NULL, NULL, 2, 'B', 1,
        0, 1, 1, '2024-12-16 16:39:39', '2024-12-16 16:39:39', NULL, NULL),
       (4512, 4508, ',0,1000,4508,', '模块管理真实删除', 'system:systemModules:realDelete', NULL, NULL, NULL, NULL, 2,
        'B', 1, 0, 1, 1, '2024-12-16 16:39:39', '2024-12-16 16:39:39', NULL, NULL),
       (4513, 4508, ',0,1000,4508,', '模块管理读取', 'system:systemModules:read', NULL, NULL, NULL, NULL, 2, 'B', 1, 0,
        1, 1, '2024-12-16 16:39:39', '2024-12-16 16:39:39', NULL, NULL),
       (4514, 4508, ',0,1000,4508,', '模块管理保存', 'system:systemModules:save', NULL, NULL, NULL, NULL, 2, 'B', 1, 0,
        1, 1, '2024-12-16 16:39:39', '2024-12-16 16:39:39', NULL, NULL),
       (4515, 4508, ',0,1000,4508,', '模块管理更新', 'system:systemModules:update', NULL, NULL, NULL, NULL, 2, 'B', 1,
        0, 1, 1, '2024-12-16 16:39:39', '2024-12-16 16:39:39', NULL, NULL),
       (4516, 4508, ',0,1000,4508,', '模块管理删除', 'system:systemModules:delete', NULL, NULL, NULL, NULL, 2, 'B', 1,
        0, 1, 1, '2024-12-16 16:39:40', '2024-12-16 16:39:40', NULL, NULL),
       (4517, 4508, ',0,1000,4508,', '模块管理导出', 'system:systemModules:export', NULL, NULL, NULL, NULL, 2, 'B', 1,
        0, 1, 1, '2024-12-16 16:39:40', '2024-12-16 16:39:40', NULL, NULL),
       (4518, 4508, ',0,1000,4508,', '模块管理导入', 'system:systemModules:import', NULL, NULL, NULL, NULL, 2, 'B', 1,
        0, 1, 1, '2024-12-16 16:39:40', '2024-12-16 16:39:40', NULL, NULL);

/*Data for the table `system_modules` */

insert into `system_modules`(`id`, `created_at`, `updated_at`, `created_by`, `updated_by`, `name`, `label`,
                             `description`, `installed`, `status`, `deleted_at`)
values (1, '2024-12-17 17:15:26', '2024-12-17 17:35:59', 1, 1, 'system', '系统模块', '系统模块,系统内置', 1, 1, NULL),
       (2, '2024-12-17 17:35:47', '2024-12-17 18:05:04', 1, 1, 'api', 'api', 'API模块，系统内置', 1, 1, NULL);

/*Data for the table `system_notice` */

insert into `system_notice`(`id`, `message_id`, `title`, `type`, `content`, `created_by`, `updated_by`, `created_at`,
                            `updated_at`, `deleted_at`, `remark`, `receive_users`)
values (1, 2, '测试通知', 1, '<p>测试通知测试通知测试通知测试通知</p>', NULL, NULL, '2024-11-05 14:40:16',
        '2024-11-05 14:40:16', NULL, '测试通知测试通知测试通知', NULL),
       (2, 3, '测试公告', 2, '<p>测试公告测试公告测试公告测试公告测试公告测试公告</p>', NULL, NULL,
        '2024-11-05 15:05:18', '2024-11-05 15:05:18', NULL, '测试公告测试公告测试公告', NULL),
       (4, 5, '用户测试', 1, '<p>用户测试用户测试用户测试</p>', NULL, NULL, '2024-11-05 16:02:12',
        '2024-11-05 16:02:12', NULL, '用户测试用户测试', '8,9,10');

/*Data for the table `system_post` */

insert into `system_post`(`id`, `name`, `code`, `sort`, `status`, `created_by`, `updated_by`, `created_at`,
                          `updated_at`, `deleted_at`, `remark`)
values (1, '主管', 'master', 2, 1, 1, 1, '2024-09-04 14:36:03', '2024-10-10 16:18:59', NULL, NULL);

/*Data for the table `system_queue_message` */

insert into `system_queue_message`(`id`, `content_type`, `title`, `send_by`, `content`, `created_by`, `updated_by`,
                                   `created_at`, `updated_at`, `remark`)
values (2, 'notice', '测试通知', 1, '<p>测试通知测试通知测试通知测试通知</p>', 1, NULL, '2024-11-05 14:40:14',
        '2024-11-05 14:40:14', NULL),
       (3, 'announcement', '测试公告', 1, '<p>测试公告测试公告测试公告测试公告测试公告测试公告</p>', 1, NULL,
        '2024-11-05 15:05:17', '2024-11-05 15:05:17', NULL),
       (5, 'notice', '用户测试', 1, '<p>用户测试用户测试用户测试</p>', 1, NULL, '2024-11-05 16:02:11',
        '2024-11-05 16:02:11', NULL);

/*Data for the table `system_queue_message_receive` */

insert into `system_queue_message_receive`(`message_id`, `user_id`, `read_status`)
values (2, 1, 1),
       (2, 9, 1),
       (5, 1, 1),
       (5, 9, 1),
       (5, 10, 1);

/*Data for the table `system_role` */

insert into `system_role`(`id`, `name`, `code`, `data_scope`, `status`, `sort`, `created_by`, `updated_by`,
                          `created_at`, `updated_at`, `deleted_at`, `remark`)
values (1, '超级管理员（创始人）', 'superAdmin', 0, 1, 2, 1, 1, '2024-08-19 11:29:32', '2024-10-10 17:51:19', NULL,
        '系统内置角色，不可删除'),
       (2, '总管理员', 'maxAdmin', 1, 1, 1, 1, 1, '2024-09-04 14:34:18', '2024-10-11 14:08:45', NULL, '111');

/*Data for the table `system_role_dept` */

insert into `system_role_dept`(`role_id`, `dept_id`)
values (2, 3),
       (2, 4);

/*Data for the table `system_role_menu` */

insert into `system_role_menu`(`role_id`, `menu_id`)
values (2, 1000),
       (2, 1100);

/*Data for the table `system_user` */

insert into `system_user`(`id`, `username`, `password`, `user_type`, `nickname`, `phone`, `email`, `avatar`, `signed`,
                          `dashboard`, `status`, `login_ip`, `login_time`, `backend_setting`, `created_by`,
                          `updated_by`, `created_at`, `updated_at`, `deleted_at`, `remark`)
values (1, 'superAdmin', '$2a$10$fiqkS4s2yzm4rnBJl4i7DO3PSBjisMsXW6O2Wt76zIS9VY2N1J2Na', '100', '超级管理员',
        '17621441012', '111@qq.com', '', '超级管理员', '', 1, '127.0.0.1', '2024-12-31 14:27:40',
        '{\"animation\":\"ma-slide-down\",\"color\":\"#165dff\",\"i18n\":false,\"language\":\"zh_CN\",\"layout\":\"mixed\",\"lockScreenPwd\":\"5b1b68a9abf4d2cd155c81a9225fd158\",\"menuCollapse\":false,\"menuWidth\":230,\"mode\":\"light\",\"skin\":\"default\",\"tag\":true,\"ws\":true}',
        0, 1, '2024-08-19 11:29:32', '2024-12-31 14:27:40', NULL, '');

/*Data for the table `system_user_dept` */

insert into `system_user_dept`(`user_id`, `dept_id`)
values (1, 1);

/*Data for the table `system_user_post` */

/*Data for the table `system_user_role` */

insert into `system_user_role`(`user_id`, `role_id`)
values (1, 1);